GuestID,FirstName,LastName,Email,Phone
1,Onyinye,Akalonu,onyinye.akalonu1@example.com,+1-992-6439
2,Confidence,Chima,confidence.chima2@example.com,+1-258-3973
3,Daniel,El,daniel.el3@example.com,+1-365-5624
4,Kiliua,Onwuka,kiliua.onwuka4@example.com,+1-262-8604
5,Genny,Ibekwe,genny.ibekwe5@example.com,+1-198-1689
6,Ogochukwu,Ubani,ogochukwu.ubani6@example.com,+1-978-6036
7,Chichetam,Onwuka,chichetam.onwuka7@example.com,+1-863-1217
8,Genny,Chukwu,genny.chukwu8@example.com,+1-445-3207
9,Baki,Ezemonye,baki.ezemonye9@example.com,+1-587-8629
10,Kiliua,Ubani,kiliua.ubani10@example.com,+1-171-5270
11,Clark,Chukwu,clark.chukwu11@example.com,+1-580-6509
12,Kiliua,Mbonu,kiliua.mbonu12@example.com,+1-672-1336
13,Uloma,El,uloma.el13@example.com,+1-433-1344
14,Ogochukwu,Iwuoha,ogochukwu.iwuoha14@example.com,+1-428-7436
15,Chichetam,Ibekwe,chichetam.ibekwe15@example.com,+1-334-3703
16,Intelligence,Chima,intelligence.chima16@example.com,+1-820-2720
17,Ogochukwu,Iwuoha,ogochukwu.iwuoha17@example.com,+1-373-5552
18,Genny,Uchechukwu,genny.uchechukwu18@example.com,+1-224-4386
19,Genny,Ezemonye,genny.ezemonye19@example.com,+1-123-6348
20,Uloma,Akalonu,uloma.akalonu20@example.com,+1-716-4950
21,Chichetam,Iwuoha,chichetam.iwuoha21@example.com,+1-464-8721
22,Onyinye,Nnoli,onyinye.nnoli22@example.com,+1-809-5740
23,Jeff,Ibekwe,jeff.ibekwe23@example.com,+1-796-7754
24,Clark,Okoronta,clark.okoronta24@example.com,+1-663-4978
25,Jeff,Okoronta,jeff.okoronta25@example.com,+1-971-3684
26,Daniel,El,daniel.el26@example.com,+1-961-8024
27,Daniel,Uchechukwu,daniel.uchechukwu27@example.com,+1-334-5417
28,Uloma,Iwuoha,uloma.iwuoha28@example.com,+1-348-2450
29,Michelle,Akalonu,michelle.akalonu29@example.com,+1-454-1618
30,Kiliua,Chukwu,kiliua.chukwu30@example.com,+1-548-8077
31,Onyinye,Uchechukwu,onyinye.uchechukwu31@example.com,+1-441-3065
32,Onyinye,Onwuka,onyinye.onwuka32@example.com,+1-727-5978
33,Ogochukwu,Chukwu,ogochukwu.chukwu33@example.com,+1-990-3435
34,Confidence,Ezemonye,confidence.ezemonye34@example.com,+1-448-1945
35,Clark,Akalonu,clark.akalonu35@example.com,+1-542-6460
36,Ogochukwu,Iwuoha,ogochukwu.iwuoha36@example.com,+1-815-1748
37,Uloma,Iwuoha,uloma.iwuoha37@example.com,+1-529-2289
38,Uloma,Ubani,uloma.ubani38@example.com,+1-305-2781
39,Uloma,Illoh,uloma.illoh39@example.com,+1-396-7707
40,Fonzy,Ubani,fonzy.ubani40@example.com,+1-394-6858
41,Chichetam,Iwuoha,chichetam.iwuoha41@example.com,+1-642-6531
42,Michelle,Iwuoha,michelle.iwuoha42@example.com,+1-944-9672
43,Genny,Chukwu,genny.chukwu43@example.com,+1-651-9300
44,Kiliua,Iwuoha,kiliua.iwuoha44@example.com,+1-619-1969
45,Jeff,Okoronta,jeff.okoronta45@example.com,+1-376-9319
46,Uloma,Ubani,uloma.ubani46@example.com,+1-446-3844
47,Clark,Akalonu,clark.akalonu47@example.com,+1-500-5920
48,Fonzy,Ibekwe,fonzy.ibekwe48@example.com,+1-430-3543
49,Onyinye,Mbonu,onyinye.mbonu49@example.com,+1-749-2885
50,Daniel,Uchechukwu,daniel.uchechukwu50@example.com,+1-902-7880
51,Intelligence,Ezemonye,intelligence.ezemonye51@example.com,+1-570-1805
52,Onyinye,Illoh,onyinye.illoh52@example.com,+1-304-3921
53,Clark,Iwuoha,clark.iwuoha53@example.com,+1-953-4470
54,Confidence,Banner,confidence.banner54@example.com,+1-874-3938
55,Intelligence,Chukwu,intelligence.chukwu55@example.com,+1-975-3713
56,Michelle,Iwuoha,michelle.iwuoha56@example.com,+1-745-2571
57,Jeff,Okoronta,jeff.okoronta57@example.com,+1-550-6161
58,Kiliua,Banner,kiliua.banner58@example.com,+1-134-1488
59,Fonzy,Iwuoha,fonzy.iwuoha59@example.com,+1-858-9600
60,Uloma,Chukwu,uloma.chukwu60@example.com,+1-652-6043
61,Genny,Okoronta,genny.okoronta61@example.com,+1-174-1379
62,Daniel,Onwuka,daniel.onwuka62@example.com,+1-548-7452
63,Chichetam,Ibekwe,chichetam.ibekwe63@example.com,+1-236-6246
64,Genny,Mbonu,genny.mbonu64@example.com,+1-947-8699
65,Fonzy,Nnoli,fonzy.nnoli65@example.com,+1-368-7426
66,Kiliua,Banner,kiliua.banner66@example.com,+1-173-8251
67,Baki,Nnoli,baki.nnoli67@example.com,+1-446-2950
68,Chichetam,Chukwu,chichetam.chukwu68@example.com,+1-162-4778
69,Onyinye,Chima,onyinye.chima69@example.com,+1-950-6501
70,Baki,Ubani,baki.ubani70@example.com,+1-565-8300
71,Fonzy,Illoh,fonzy.illoh71@example.com,+1-781-1496
72,Fonzy,Akalonu,fonzy.akalonu72@example.com,+1-767-9842
73,Baki,Ezemonye,baki.ezemonye73@example.com,+1-308-3201
74,Onyinye,Illoh,onyinye.illoh74@example.com,+1-567-5832
75,Daniel,Chima,daniel.chima75@example.com,+1-156-1082
76,Chichetam,Ibekwe,chichetam.ibekwe76@example.com,+1-117-4204
77,Clark,Ezemonye,clark.ezemonye77@example.com,+1-973-8364
78,Onyinye,Akalonu,onyinye.akalonu78@example.com,+1-428-8753
79,Ogochukwu,Ezemonye,ogochukwu.ezemonye79@example.com,+1-394-6510
80,Intelligence,Chima,intelligence.chima80@example.com,+1-152-7321
81,Onyinye,Okoronta,onyinye.okoronta81@example.com,+1-707-1790
82,Confidence,El,confidence.el82@example.com,+1-295-9112
83,Confidence,Okoronta,confidence.okoronta83@example.com,+1-176-1561
84,Kiliua,Ezemonye,kiliua.ezemonye84@example.com,+1-746-3020
85,Fonzy,Ubani,fonzy.ubani85@example.com,+1-473-7317
86,Genny,Akalonu,genny.akalonu86@example.com,+1-868-2203
87,Intelligence,Onwuka,intelligence.onwuka87@example.com,+1-284-4957
88,Onyinye,Chukwu,onyinye.chukwu88@example.com,+1-686-4679
89,Uloma,Ubani,uloma.ubani89@example.com,+1-855-5480
90,Intelligence,Okoronta,intelligence.okoronta90@example.com,+1-813-8970
91,Clark,Uchechukwu,clark.uchechukwu91@example.com,+1-570-3762
92,Baki,Iwuoha,baki.iwuoha92@example.com,+1-439-8756
93,Michelle,Uchechukwu,michelle.uchechukwu93@example.com,+1-428-1028
94,Jeff,Akalonu,jeff.akalonu94@example.com,+1-886-3118
95,Baki,Ezemonye,baki.ezemonye95@example.com,+1-166-8871
96,Intelligence,Chukwu,intelligence.chukwu96@example.com,+1-173-7878
97,Uloma,Banner,uloma.banner97@example.com,+1-128-6065
98,Jeff,Onwuka,jeff.onwuka98@example.com,+1-487-7482
99,Daniel,Iwuoha,daniel.iwuoha99@example.com,+1-598-8137
100,Onyinye,El,onyinye.el100@example.com,+1-772-3825
101,Daniel,Ezemonye,daniel.ezemonye101@example.com,+1-697-3922
102,Jeff,Banner,jeff.banner102@example.com,+1-405-2768
103,Genny,Chukwu,genny.chukwu103@example.com,+1-656-2602
104,Kiliua,Mbonu,kiliua.mbonu104@example.com,+1-837-7728
105,Uloma,Ezemonye,uloma.ezemonye105@example.com,+1-505-8787
106,Intelligence,El,intelligence.el106@example.com,+1-253-6529
107,Uloma,El,uloma.el107@example.com,+1-683-5539
108,Baki,Mbonu,baki.mbonu108@example.com,+1-273-8073
109,Ogochukwu,Nnoli,ogochukwu.nnoli109@example.com,+1-406-3974
110,Baki,Ibekwe,baki.ibekwe110@example.com,+1-467-2171
111,Intelligence,Akalonu,intelligence.akalonu111@example.com,+1-582-7970
112,Baki,Illoh,baki.illoh112@example.com,+1-740-7148
113,Onyinye,Okoronta,onyinye.okoronta113@example.com,+1-949-7705
114,Michelle,Akalonu,michelle.akalonu114@example.com,+1-354-9834
115,Chichetam,Chukwu,chichetam.chukwu115@example.com,+1-535-3157
116,Fonzy,Illoh,fonzy.illoh116@example.com,+1-568-3553
117,Confidence,Ibekwe,confidence.ibekwe117@example.com,+1-298-5577
118,Chichetam,Nnoli,chichetam.nnoli118@example.com,+1-767-2091
119,Uloma,Ezemonye,uloma.ezemonye119@example.com,+1-838-6598
120,Clark,Iwuoha,clark.iwuoha120@example.com,+1-301-9545
121,Ogochukwu,Onwuka,ogochukwu.onwuka121@example.com,+1-302-3656
122,Chichetam,El,chichetam.el122@example.com,+1-832-3430
123,Ogochukwu,Akalonu,ogochukwu.akalonu123@example.com,+1-851-6283
124,Onyinye,Iwuoha,onyinye.iwuoha124@example.com,+1-562-2463
125,Ogochukwu,Akalonu,ogochukwu.akalonu125@example.com,+1-104-5853
126,Onyinye,Banner,onyinye.banner126@example.com,+1-546-1408
127,Kiliua,Iwuoha,kiliua.iwuoha127@example.com,+1-866-6324
128,Daniel,Iwuoha,daniel.iwuoha128@example.com,+1-204-8259
129,Jeff,Chima,jeff.chima129@example.com,+1-290-5797
130,Confidence,Onwuka,confidence.onwuka130@example.com,+1-498-6400
131,Kiliua,Iwuoha,kiliua.iwuoha131@example.com,+1-831-4638
132,Baki,El,baki.el132@example.com,+1-705-5389
133,Baki,El,baki.el133@example.com,+1-818-3131
134,Genny,Nnoli,genny.nnoli134@example.com,+1-188-2663
135,Jeff,Iwuoha,jeff.iwuoha135@example.com,+1-364-1710
136,Chichetam,Chukwu,chichetam.chukwu136@example.com,+1-416-9630
137,Baki,Mbonu,baki.mbonu137@example.com,+1-280-9047
138,Onyinye,Nnoli,onyinye.nnoli138@example.com,+1-546-4066
139,Confidence,Onwuka,confidence.onwuka139@example.com,+1-217-5788
140,Onyinye,Chima,onyinye.chima140@example.com,+1-359-3141
141,Jeff,Akalonu,jeff.akalonu141@example.com,+1-263-9573
142,Michelle,Chima,michelle.chima142@example.com,+1-160-4122
143,Fonzy,Ubani,fonzy.ubani143@example.com,+1-685-7899
144,Jeff,Banner,jeff.banner144@example.com,+1-373-2438
145,Baki,Nnoli,baki.nnoli145@example.com,+1-779-1495
146,Onyinye,El,onyinye.el146@example.com,+1-505-9925
147,Michelle,Banner,michelle.banner147@example.com,+1-734-5774
148,Jeff,Banner,jeff.banner148@example.com,+1-905-4295
149,Confidence,El,confidence.el149@example.com,+1-122-1585
150,Intelligence,Iwuoha,intelligence.iwuoha150@example.com,+1-162-3823
151,Ogochukwu,Ubani,ogochukwu.ubani151@example.com,+1-360-1108
152,Ogochukwu,Nnoli,ogochukwu.nnoli152@example.com,+1-231-6005
153,Intelligence,Nnoli,intelligence.nnoli153@example.com,+1-223-6427
154,Confidence,El,confidence.el154@example.com,+1-846-5451
155,Uloma,Onwuka,uloma.onwuka155@example.com,+1-339-8479
156,Confidence,Chukwu,confidence.chukwu156@example.com,+1-696-7250
157,Genny,Illoh,genny.illoh157@example.com,+1-106-8844
158,Michelle,Nnoli,michelle.nnoli158@example.com,+1-873-2338
159,Jeff,Mbonu,jeff.mbonu159@example.com,+1-363-9436
160,Clark,Nnoli,clark.nnoli160@example.com,+1-430-4072
161,Intelligence,Nnoli,intelligence.nnoli161@example.com,+1-733-9714
162,Jeff,Iwuoha,jeff.iwuoha162@example.com,+1-937-5507
163,Jeff,Onwuka,jeff.onwuka163@example.com,+1-732-7035
164,Ogochukwu,Ibekwe,ogochukwu.ibekwe164@example.com,+1-774-9368
165,Onyinye,Chukwu,onyinye.chukwu165@example.com,+1-886-7702
166,Fonzy,Banner,fonzy.banner166@example.com,+1-501-5647
167,Kiliua,Iwuoha,kiliua.iwuoha167@example.com,+1-303-6440
168,Confidence,Banner,confidence.banner168@example.com,+1-674-7822
169,Genny,Ezemonye,genny.ezemonye169@example.com,+1-585-8936
170,Kiliua,Uchechukwu,kiliua.uchechukwu170@example.com,+1-580-8785
171,Uloma,Akalonu,uloma.akalonu171@example.com,+1-372-8660
172,Baki,Ibekwe,baki.ibekwe172@example.com,+1-840-1016
173,Ogochukwu,Mbonu,ogochukwu.mbonu173@example.com,+1-789-4423
174,Chichetam,Onwuka,chichetam.onwuka174@example.com,+1-137-5226
175,Chichetam,Chima,chichetam.chima175@example.com,+1-344-4679
176,Baki,Uchechukwu,baki.uchechukwu176@example.com,+1-619-1242
177,Genny,Ibekwe,genny.ibekwe177@example.com,+1-975-1695
178,Clark,Chima,clark.chima178@example.com,+1-739-2672
179,Daniel,Mbonu,daniel.mbonu179@example.com,+1-433-3339
180,Uloma,Onwuka,uloma.onwuka180@example.com,+1-932-6194
181,Chichetam,Ezemonye,chichetam.ezemonye181@example.com,+1-977-3177
182,Jeff,Chukwu,jeff.chukwu182@example.com,+1-331-5184
183,Uloma,Chukwu,uloma.chukwu183@example.com,+1-203-8923
184,Baki,Nnoli,baki.nnoli184@example.com,+1-906-8569
185,Chichetam,Chukwu,chichetam.chukwu185@example.com,+1-876-6535
186,Michelle,Chukwu,michelle.chukwu186@example.com,+1-934-7941
187,Confidence,Ubani,confidence.ubani187@example.com,+1-638-1951
188,Kiliua,Chima,kiliua.chima188@example.com,+1-298-8035
189,Genny,Akalonu,genny.akalonu189@example.com,+1-899-8536
190,Jeff,Nnoli,jeff.nnoli190@example.com,+1-941-7323
191,Baki,Uchechukwu,baki.uchechukwu191@example.com,+1-961-7269
192,Genny,Ezemonye,genny.ezemonye192@example.com,+1-195-4060
193,Onyinye,Nnoli,onyinye.nnoli193@example.com,+1-517-4236
194,Uloma,Mbonu,uloma.mbonu194@example.com,+1-110-2992
195,Daniel,Uchechukwu,daniel.uchechukwu195@example.com,+1-280-2508
196,Ogochukwu,Uchechukwu,ogochukwu.uchechukwu196@example.com,+1-328-7448
197,Chichetam,El,chichetam.el197@example.com,+1-851-7582
198,Intelligence,Akalonu,intelligence.akalonu198@example.com,+1-949-7022
199,Genny,Uchechukwu,genny.uchechukwu199@example.com,+1-905-9044
200,Daniel,Iwuoha,daniel.iwuoha200@example.com,+1-327-2827
201,Ogochukwu,Banner,ogochukwu.banner201@example.com,+1-480-9828
202,Uloma,Akalonu,uloma.akalonu202@example.com,+1-213-1112
203,Clark,Nnoli,clark.nnoli203@example.com,+1-894-4973
204,Uloma,Chima,uloma.chima204@example.com,+1-383-5583
205,Intelligence,Ubani,intelligence.ubani205@example.com,+1-987-5698
206,Clark,Banner,clark.banner206@example.com,+1-741-6831
207,Daniel,Okoronta,daniel.okoronta207@example.com,+1-347-6642
208,Intelligence,Iwuoha,intelligence.iwuoha208@example.com,+1-643-9499
209,Chichetam,El,chichetam.el209@example.com,+1-714-6104
210,Michelle,Uchechukwu,michelle.uchechukwu210@example.com,+1-986-9585
211,Jeff,Banner,jeff.banner211@example.com,+1-771-6576
212,Ogochukwu,Chukwu,ogochukwu.chukwu212@example.com,+1-773-5641
213,Intelligence,Nnoli,intelligence.nnoli213@example.com,+1-890-9747
214,Genny,Onwuka,genny.onwuka214@example.com,+1-427-6628
215,Michelle,Ezemonye,michelle.ezemonye215@example.com,+1-217-8896
216,Onyinye,Onwuka,onyinye.onwuka216@example.com,+1-747-3570
217,Jeff,Onwuka,jeff.onwuka217@example.com,+1-889-6360
218,Uloma,Ezemonye,uloma.ezemonye218@example.com,+1-860-7777
219,Daniel,Onwuka,daniel.onwuka219@example.com,+1-168-5477
220,Genny,Nnoli,genny.nnoli220@example.com,+1-267-3012
221,Michelle,Chukwu,michelle.chukwu221@example.com,+1-942-8570
222,Fonzy,El,fonzy.el222@example.com,+1-169-7850
223,Onyinye,Mbonu,onyinye.mbonu223@example.com,+1-322-5123
224,Michelle,Mbonu,michelle.mbonu224@example.com,+1-790-8018
225,Michelle,Onwuka,michelle.onwuka225@example.com,+1-574-7572
226,Onyinye,Iwuoha,onyinye.iwuoha226@example.com,+1-261-5430
227,Jeff,Onwuka,jeff.onwuka227@example.com,+1-258-2611
228,Michelle,Illoh,michelle.illoh228@example.com,+1-910-3688
229,Intelligence,Iwuoha,intelligence.iwuoha229@example.com,+1-374-9726
230,Baki,Okoronta,baki.okoronta230@example.com,+1-669-8621
231,Fonzy,Ubani,fonzy.ubani231@example.com,+1-363-9072
232,Uloma,El,uloma.el232@example.com,+1-114-1025
233,Kiliua,Mbonu,kiliua.mbonu233@example.com,+1-519-6509
234,Michelle,El,michelle.el234@example.com,+1-446-8527
235,Confidence,Chima,confidence.chima235@example.com,+1-902-4636
236,Genny,Chukwu,genny.chukwu236@example.com,+1-412-3932
237,Daniel,Iwuoha,daniel.iwuoha237@example.com,+1-122-4582
238,Chichetam,Iwuoha,chichetam.iwuoha238@example.com,+1-943-2391
239,Intelligence,Akalonu,intelligence.akalonu239@example.com,+1-523-6210
240,Onyinye,El,onyinye.el240@example.com,+1-450-1696
241,Uloma,Ezemonye,uloma.ezemonye241@example.com,+1-443-3162
242,Confidence,Iwuoha,confidence.iwuoha242@example.com,+1-276-1287
243,Chichetam,Mbonu,chichetam.mbonu243@example.com,+1-856-5787
244,Chichetam,Iwuoha,chichetam.iwuoha244@example.com,+1-135-7192
245,Clark,Ubani,clark.ubani245@example.com,+1-205-3132
246,Onyinye,Banner,onyinye.banner246@example.com,+1-751-3014
247,Jeff,Onwuka,jeff.onwuka247@example.com,+1-643-9328
248,Uloma,Mbonu,uloma.mbonu248@example.com,+1-136-2772
249,Michelle,Ibekwe,michelle.ibekwe249@example.com,+1-227-3572
250,Intelligence,Ezemonye,intelligence.ezemonye250@example.com,+1-524-7581
251,Fonzy,Ezemonye,fonzy.ezemonye251@example.com,+1-301-4701
252,Daniel,Uchechukwu,daniel.uchechukwu252@example.com,+1-702-9604
253,Clark,Onwuka,clark.onwuka253@example.com,+1-316-8777
254,Clark,Ezemonye,clark.ezemonye254@example.com,+1-618-5732
255,Genny,Banner,genny.banner255@example.com,+1-964-6238
256,Clark,Iwuoha,clark.iwuoha256@example.com,+1-284-2079
257,Clark,Nnoli,clark.nnoli257@example.com,+1-882-1814
258,Fonzy,El,fonzy.el258@example.com,+1-508-6472
259,Uloma,Banner,uloma.banner259@example.com,+1-328-4618
260,Fonzy,Nnoli,fonzy.nnoli260@example.com,+1-578-5997
261,Ogochukwu,Nnoli,ogochukwu.nnoli261@example.com,+1-303-8701
262,Jeff,Onwuka,jeff.onwuka262@example.com,+1-585-1515
263,Uloma,Ubani,uloma.ubani263@example.com,+1-817-2058
264,Fonzy,El,fonzy.el264@example.com,+1-912-8200
265,Jeff,Uchechukwu,jeff.uchechukwu265@example.com,+1-129-4243
266,Fonzy,Chukwu,fonzy.chukwu266@example.com,+1-655-3510
267,Jeff,El,jeff.el267@example.com,+1-675-4272
268,Fonzy,Ezemonye,fonzy.ezemonye268@example.com,+1-747-6386
269,Confidence,Banner,confidence.banner269@example.com,+1-425-2672
270,Michelle,Onwuka,michelle.onwuka270@example.com,+1-474-4459
271,Intelligence,Chukwu,intelligence.chukwu271@example.com,+1-903-2468
272,Clark,Onwuka,clark.onwuka272@example.com,+1-306-2447
273,Kiliua,Uchechukwu,kiliua.uchechukwu273@example.com,+1-916-2596
274,Onyinye,El,onyinye.el274@example.com,+1-565-7072
275,Intelligence,Onwuka,intelligence.onwuka275@example.com,+1-554-8591
276,Chichetam,Mbonu,chichetam.mbonu276@example.com,+1-286-9361
277,Ogochukwu,Akalonu,ogochukwu.akalonu277@example.com,+1-471-6299
278,Chichetam,Onwuka,chichetam.onwuka278@example.com,+1-318-8436
279,Chichetam,Onwuka,chichetam.onwuka279@example.com,+1-171-2619
280,Ogochukwu,Chukwu,ogochukwu.chukwu280@example.com,+1-688-2707
281,Onyinye,Chima,onyinye.chima281@example.com,+1-354-9801
282,Daniel,Okoronta,daniel.okoronta282@example.com,+1-657-6592
283,Jeff,Okoronta,jeff.okoronta283@example.com,+1-883-8201
284,Jeff,Onwuka,jeff.onwuka284@example.com,+1-852-7811
285,Kiliua,Illoh,kiliua.illoh285@example.com,+1-764-9258
286,Fonzy,Onwuka,fonzy.onwuka286@example.com,+1-320-4588
287,Michelle,Mbonu,michelle.mbonu287@example.com,+1-980-6352
288,Clark,Banner,clark.banner288@example.com,+1-769-2334
289,Michelle,Ezemonye,michelle.ezemonye289@example.com,+1-394-5811
290,Michelle,Iwuoha,michelle.iwuoha290@example.com,+1-906-1359
291,Uloma,Banner,uloma.banner291@example.com,+1-423-6457
292,Onyinye,Chukwu,onyinye.chukwu292@example.com,+1-820-2541
293,Confidence,Ubani,confidence.ubani293@example.com,+1-152-4772
294,Uloma,Chukwu,uloma.chukwu294@example.com,+1-719-7143
295,Chichetam,Onwuka,chichetam.onwuka295@example.com,+1-953-2310
296,Genny,Onwuka,genny.onwuka296@example.com,+1-719-6624
297,Clark,Onwuka,clark.onwuka297@example.com,+1-929-8602
298,Genny,Banner,genny.banner298@example.com,+1-157-9117
299,Ogochukwu,Illoh,ogochukwu.illoh299@example.com,+1-271-7051
300,Jeff,Ibekwe,jeff.ibekwe300@example.com,+1-335-3259
301,Clark,Mbonu,clark.mbonu301@example.com,+1-577-9354
302,Jeff,Illoh,jeff.illoh302@example.com,+1-797-3431
303,Intelligence,Akalonu,intelligence.akalonu303@example.com,+1-593-5565
304,Clark,Illoh,clark.illoh304@example.com,+1-143-5423
305,Kiliua,Ezemonye,kiliua.ezemonye305@example.com,+1-493-8837
306,Intelligence,Uchechukwu,intelligence.uchechukwu306@example.com,+1-799-8019
307,Daniel,Ezemonye,daniel.ezemonye307@example.com,+1-862-1609
308,Intelligence,Akalonu,intelligence.akalonu308@example.com,+1-900-5425
309,Uloma,El,uloma.el309@example.com,+1-877-8818
310,Uloma,Ibekwe,uloma.ibekwe310@example.com,+1-406-9200
311,Genny,Uchechukwu,genny.uchechukwu311@example.com,+1-933-9772
312,Kiliua,Chukwu,kiliua.chukwu312@example.com,+1-854-1846
313,Michelle,Chima,michelle.chima313@example.com,+1-321-1076
314,Fonzy,Nnoli,fonzy.nnoli314@example.com,+1-229-1487
315,Confidence,Mbonu,confidence.mbonu315@example.com,+1-322-5554
316,Baki,El,baki.el316@example.com,+1-300-6875
317,Michelle,Iwuoha,michelle.iwuoha317@example.com,+1-576-9498
318,Genny,Chima,genny.chima318@example.com,+1-417-1873
319,Confidence,Iwuoha,confidence.iwuoha319@example.com,+1-998-4181
320,Onyinye,Ezemonye,onyinye.ezemonye320@example.com,+1-709-5317
321,Genny,Illoh,genny.illoh321@example.com,+1-376-9015
322,Genny,Chukwu,genny.chukwu322@example.com,+1-741-8137
323,Jeff,Uchechukwu,jeff.uchechukwu323@example.com,+1-371-9912
324,Genny,Ubani,genny.ubani324@example.com,+1-992-4828
325,Confidence,Banner,confidence.banner325@example.com,+1-942-5421
326,Onyinye,El,onyinye.el326@example.com,+1-197-4467
327,Chichetam,Chima,chichetam.chima327@example.com,+1-601-7314
328,Jeff,Nnoli,jeff.nnoli328@example.com,+1-515-3567
329,Daniel,El,daniel.el329@example.com,+1-549-7179
330,Genny,Uchechukwu,genny.uchechukwu330@example.com,+1-844-3822
331,Fonzy,Okoronta,fonzy.okoronta331@example.com,+1-965-7293
332,Genny,Okoronta,genny.okoronta332@example.com,+1-620-7057
333,Clark,Ibekwe,clark.ibekwe333@example.com,+1-989-4936
334,Confidence,Banner,confidence.banner334@example.com,+1-668-2028
335,Kiliua,Uchechukwu,kiliua.uchechukwu335@example.com,+1-730-1249
336,Baki,Uchechukwu,baki.uchechukwu336@example.com,+1-904-8041
337,Michelle,Illoh,michelle.illoh337@example.com,+1-311-7002
338,Michelle,Okoronta,michelle.okoronta338@example.com,+1-727-3074
339,Jeff,Ezemonye,jeff.ezemonye339@example.com,+1-856-2060
340,Genny,Chima,genny.chima340@example.com,+1-849-1675
341,Intelligence,Mbonu,intelligence.mbonu341@example.com,+1-960-4315
342,Intelligence,Onwuka,intelligence.onwuka342@example.com,+1-639-4532
343,Jeff,Chukwu,jeff.chukwu343@example.com,+1-800-4609
344,Onyinye,Banner,onyinye.banner344@example.com,+1-637-9961
345,Kiliua,Akalonu,kiliua.akalonu345@example.com,+1-402-5627
346,Clark,Ibekwe,clark.ibekwe346@example.com,+1-328-4357
347,Intelligence,Akalonu,intelligence.akalonu347@example.com,+1-402-7483
348,Genny,Akalonu,genny.akalonu348@example.com,+1-683-3504
349,Genny,El,genny.el349@example.com,+1-895-3609
350,Intelligence,Mbonu,intelligence.mbonu350@example.com,+1-974-9409
351,Confidence,Chima,confidence.chima351@example.com,+1-442-9634
352,Kiliua,Ibekwe,kiliua.ibekwe352@example.com,+1-468-1255
353,Uloma,Ubani,uloma.ubani353@example.com,+1-813-3188
354,Ogochukwu,Ibekwe,ogochukwu.ibekwe354@example.com,+1-746-1860
355,Chichetam,Mbonu,chichetam.mbonu355@example.com,+1-654-7543
356,Clark,Illoh,clark.illoh356@example.com,+1-586-7121
357,Baki,Uchechukwu,baki.uchechukwu357@example.com,+1-374-1526
358,Fonzy,Ubani,fonzy.ubani358@example.com,+1-986-9365
359,Ogochukwu,Chukwu,ogochukwu.chukwu359@example.com,+1-115-6661
360,Onyinye,Chukwu,onyinye.chukwu360@example.com,+1-398-6641
361,Confidence,Banner,confidence.banner361@example.com,+1-633-3937
362,Kiliua,Okoronta,kiliua.okoronta362@example.com,+1-971-5519
363,Genny,Illoh,genny.illoh363@example.com,+1-925-1244
364,Kiliua,Mbonu,kiliua.mbonu364@example.com,+1-382-1853
365,Confidence,Ezemonye,confidence.ezemonye365@example.com,+1-603-3881
366,Daniel,Chima,daniel.chima366@example.com,+1-923-1192
367,Fonzy,Ibekwe,fonzy.ibekwe367@example.com,+1-362-7990
368,Ogochukwu,Ubani,ogochukwu.ubani368@example.com,+1-173-8809
369,Ogochukwu,Nnoli,ogochukwu.nnoli369@example.com,+1-507-9358
370,Kiliua,Ibekwe,kiliua.ibekwe370@example.com,+1-784-2945
371,Fonzy,Ezemonye,fonzy.ezemonye371@example.com,+1-799-4065
372,Jeff,Chukwu,jeff.chukwu372@example.com,+1-540-5678
373,Daniel,Onwuka,daniel.onwuka373@example.com,+1-224-1828
374,Onyinye,Chukwu,onyinye.chukwu374@example.com,+1-571-3325
375,Intelligence,Ezemonye,intelligence.ezemonye375@example.com,+1-145-2065
376,Jeff,Uchechukwu,jeff.uchechukwu376@example.com,+1-551-2848
377,Chichetam,Ezemonye,chichetam.ezemonye377@example.com,+1-335-7054
378,Kiliua,Mbonu,kiliua.mbonu378@example.com,+1-189-3774
379,Uloma,Ibekwe,uloma.ibekwe379@example.com,+1-207-8470
380,Fonzy,Nnoli,fonzy.nnoli380@example.com,+1-217-2712
381,Daniel,Iwuoha,daniel.iwuoha381@example.com,+1-320-1715
382,Daniel,Chukwu,daniel.chukwu382@example.com,+1-391-7036
383,Chichetam,Ubani,chichetam.ubani383@example.com,+1-764-8486
384,Baki,Ibekwe,baki.ibekwe384@example.com,+1-157-4313
385,Michelle,Iwuoha,michelle.iwuoha385@example.com,+1-928-3216
386,Kiliua,Mbonu,kiliua.mbonu386@example.com,+1-154-2802
387,Fonzy,Iwuoha,fonzy.iwuoha387@example.com,+1-226-2999
388,Jeff,Chukwu,jeff.chukwu388@example.com,+1-481-7372
389,Fonzy,Onwuka,fonzy.onwuka389@example.com,+1-903-1587
390,Onyinye,Iwuoha,onyinye.iwuoha390@example.com,+1-743-4808
391,Chichetam,Ezemonye,chichetam.ezemonye391@example.com,+1-329-1909
392,Fonzy,Uchechukwu,fonzy.uchechukwu392@example.com,+1-391-8213
393,Baki,Chukwu,baki.chukwu393@example.com,+1-163-9215
394,Ogochukwu,Ibekwe,ogochukwu.ibekwe394@example.com,+1-868-9474
395,Intelligence,Illoh,intelligence.illoh395@example.com,+1-653-8691
396,Baki,Banner,baki.banner396@example.com,+1-106-6542
397,Daniel,Nnoli,daniel.nnoli397@example.com,+1-723-5763
398,Intelligence,Nnoli,intelligence.nnoli398@example.com,+1-309-4630
399,Clark,Ubani,clark.ubani399@example.com,+1-364-5467
400,Chichetam,Onwuka,chichetam.onwuka400@example.com,+1-462-9301
401,Kiliua,Ubani,kiliua.ubani401@example.com,+1-786-9776
402,Confidence,Ezemonye,confidence.ezemonye402@example.com,+1-948-5755
403,Fonzy,Iwuoha,fonzy.iwuoha403@example.com,+1-613-3373
404,Daniel,Onwuka,daniel.onwuka404@example.com,+1-625-9654
405,Onyinye,Uchechukwu,onyinye.uchechukwu405@example.com,+1-931-6282
406,Uloma,Illoh,uloma.illoh406@example.com,+1-295-3161
407,Fonzy,Iwuoha,fonzy.iwuoha407@example.com,+1-896-4212
408,Ogochukwu,Onwuka,ogochukwu.onwuka408@example.com,+1-135-3080
409,Chichetam,Ubani,chichetam.ubani409@example.com,+1-487-9328
410,Ogochukwu,Akalonu,ogochukwu.akalonu410@example.com,+1-997-1970
411,Jeff,Iwuoha,jeff.iwuoha411@example.com,+1-819-2493
412,Onyinye,Illoh,onyinye.illoh412@example.com,+1-115-5213
413,Kiliua,Ubani,kiliua.ubani413@example.com,+1-952-8951
414,Michelle,Chima,michelle.chima414@example.com,+1-168-2440
415,Intelligence,Ezemonye,intelligence.ezemonye415@example.com,+1-402-9740
416,Onyinye,Onwuka,onyinye.onwuka416@example.com,+1-851-4918
417,Ogochukwu,Banner,ogochukwu.banner417@example.com,+1-226-6777
418,Intelligence,Chima,intelligence.chima418@example.com,+1-535-9559
419,Daniel,Okoronta,daniel.okoronta419@example.com,+1-694-6965
420,Uloma,Ubani,uloma.ubani420@example.com,+1-276-1423
421,Fonzy,Chima,fonzy.chima421@example.com,+1-172-5433
422,Baki,Ubani,baki.ubani422@example.com,+1-437-4317
423,Daniel,Onwuka,daniel.onwuka423@example.com,+1-131-3678
424,Genny,Akalonu,genny.akalonu424@example.com,+1-861-5233
425,Intelligence,Nnoli,intelligence.nnoli425@example.com,+1-109-9797
426,Uloma,Banner,uloma.banner426@example.com,+1-152-1253
427,Confidence,Ibekwe,confidence.ibekwe427@example.com,+1-575-8034
428,Clark,Onwuka,clark.onwuka428@example.com,+1-130-1562
429,Genny,Ibekwe,genny.ibekwe429@example.com,+1-403-3436
430,Clark,Uchechukwu,clark.uchechukwu430@example.com,+1-427-9775
431,Kiliua,Ezemonye,kiliua.ezemonye431@example.com,+1-959-4030
432,Michelle,Iwuoha,michelle.iwuoha432@example.com,+1-365-6840
433,Kiliua,Onwuka,kiliua.onwuka433@example.com,+1-543-4319
434,Chichetam,El,chichetam.el434@example.com,+1-280-1022
435,Daniel,Mbonu,daniel.mbonu435@example.com,+1-587-8834
436,Kiliua,Uchechukwu,kiliua.uchechukwu436@example.com,+1-357-3907
437,Daniel,Nnoli,daniel.nnoli437@example.com,+1-613-8863
438,Intelligence,Onwuka,intelligence.onwuka438@example.com,+1-554-1459
439,Intelligence,Akalonu,intelligence.akalonu439@example.com,+1-729-6942
440,Chichetam,Banner,chichetam.banner440@example.com,+1-778-8633
441,Clark,Okoronta,clark.okoronta441@example.com,+1-198-1476
442,Uloma,Banner,uloma.banner442@example.com,+1-913-2479
443,Confidence,Illoh,confidence.illoh443@example.com,+1-700-1414
444,Baki,Akalonu,baki.akalonu444@example.com,+1-740-6851
445,Clark,Akalonu,clark.akalonu445@example.com,+1-771-3658
446,Fonzy,Illoh,fonzy.illoh446@example.com,+1-493-4108
447,Ogochukwu,Chukwu,ogochukwu.chukwu447@example.com,+1-603-4568
448,Michelle,Chukwu,michelle.chukwu448@example.com,+1-902-4943
449,Baki,Akalonu,baki.akalonu449@example.com,+1-292-5395
450,Chichetam,Ubani,chichetam.ubani450@example.com,+1-539-6053
451,Uloma,Nnoli,uloma.nnoli451@example.com,+1-204-9278
452,Fonzy,Illoh,fonzy.illoh452@example.com,+1-487-9384
453,Ogochukwu,Banner,ogochukwu.banner453@example.com,+1-365-9361
454,Clark,Akalonu,clark.akalonu454@example.com,+1-935-8542
455,Onyinye,Chukwu,onyinye.chukwu455@example.com,+1-558-1301
456,Intelligence,Chima,intelligence.chima456@example.com,+1-685-6528
457,Fonzy,Banner,fonzy.banner457@example.com,+1-298-4845
458,Fonzy,Illoh,fonzy.illoh458@example.com,+1-606-6840
459,Michelle,Illoh,michelle.illoh459@example.com,+1-841-7354
460,Baki,Chukwu,baki.chukwu460@example.com,+1-155-2011
461,Confidence,Ubani,confidence.ubani461@example.com,+1-963-3887
462,Clark,Okoronta,clark.okoronta462@example.com,+1-214-7292
463,Clark,Ezemonye,clark.ezemonye463@example.com,+1-648-6188
464,Onyinye,Iwuoha,onyinye.iwuoha464@example.com,+1-237-2217
465,Daniel,Ezemonye,daniel.ezemonye465@example.com,+1-383-2387
466,Uloma,Ezemonye,uloma.ezemonye466@example.com,+1-693-4315
467,Genny,Illoh,genny.illoh467@example.com,+1-749-8015
468,Michelle,Nnoli,michelle.nnoli468@example.com,+1-764-4777
469,Fonzy,Mbonu,fonzy.mbonu469@example.com,+1-768-8828
470,Jeff,Chukwu,jeff.chukwu470@example.com,+1-440-3253
471,Uloma,Chukwu,uloma.chukwu471@example.com,+1-364-2268
472,Daniel,Ibekwe,daniel.ibekwe472@example.com,+1-320-3742
473,Kiliua,Mbonu,kiliua.mbonu473@example.com,+1-495-7565
474,Kiliua,Banner,kiliua.banner474@example.com,+1-639-3340
475,Daniel,Chukwu,daniel.chukwu475@example.com,+1-723-8512
476,Jeff,Banner,jeff.banner476@example.com,+1-706-2521
477,Onyinye,Nnoli,onyinye.nnoli477@example.com,+1-737-6199
478,Baki,Banner,baki.banner478@example.com,+1-538-8213
479,Baki,Okoronta,baki.okoronta479@example.com,+1-350-6592
480,Genny,Mbonu,genny.mbonu480@example.com,+1-517-1724
481,Intelligence,Ezemonye,intelligence.ezemonye481@example.com,+1-849-5972
482,Intelligence,Ibekwe,intelligence.ibekwe482@example.com,+1-453-9939
483,Daniel,Okoronta,daniel.okoronta483@example.com,+1-224-1093
484,Uloma,Ubani,uloma.ubani484@example.com,+1-183-8243
485,Genny,Onwuka,genny.onwuka485@example.com,+1-298-7458
486,Michelle,Ubani,michelle.ubani486@example.com,+1-874-4949
487,Ogochukwu,Mbonu,ogochukwu.mbonu487@example.com,+1-401-1261
488,Fonzy,Onwuka,fonzy.onwuka488@example.com,+1-190-1476
489,Jeff,Ibekwe,jeff.ibekwe489@example.com,+1-787-7860
490,Baki,Chukwu,baki.chukwu490@example.com,+1-283-6266
491,Baki,Onwuka,baki.onwuka491@example.com,+1-992-8428
492,Genny,Banner,genny.banner492@example.com,+1-174-7258
493,Fonzy,Banner,fonzy.banner493@example.com,+1-679-7182
494,Fonzy,Uchechukwu,fonzy.uchechukwu494@example.com,+1-339-7850
495,Daniel,Okoronta,daniel.okoronta495@example.com,+1-462-9792
496,Fonzy,Chukwu,fonzy.chukwu496@example.com,+1-601-2022
497,Michelle,El,michelle.el497@example.com,+1-840-1411
498,Baki,Illoh,baki.illoh498@example.com,+1-539-8207
499,Confidence,Ezemonye,confidence.ezemonye499@example.com,+1-663-8870
500,Chichetam,Mbonu,chichetam.mbonu500@example.com,+1-949-6119
501,Onyinye,Ibekwe,onyinye.ibekwe501@example.com,+1-758-3710
502,Michelle,Chukwu,michelle.chukwu502@example.com,+1-313-1622
503,Jeff,Chima,jeff.chima503@example.com,+1-510-3179
504,Confidence,Illoh,confidence.illoh504@example.com,+1-988-5007
505,Fonzy,El,fonzy.el505@example.com,+1-676-1899
506,Daniel,Illoh,daniel.illoh506@example.com,+1-778-3590
507,Ogochukwu,Chukwu,ogochukwu.chukwu507@example.com,+1-601-8250
508,Clark,Uchechukwu,clark.uchechukwu508@example.com,+1-759-8617
509,Onyinye,Onwuka,onyinye.onwuka509@example.com,+1-468-8054
510,Clark,Chukwu,clark.chukwu510@example.com,+1-389-5539
511,Onyinye,El,onyinye.el511@example.com,+1-916-9623
512,Chichetam,Mbonu,chichetam.mbonu512@example.com,+1-361-2318
513,Genny,Mbonu,genny.mbonu513@example.com,+1-271-3326
514,Kiliua,Illoh,kiliua.illoh514@example.com,+1-410-2092
515,Baki,Ubani,baki.ubani515@example.com,+1-483-1092
516,Jeff,Ubani,jeff.ubani516@example.com,+1-160-9873
517,Daniel,El,daniel.el517@example.com,+1-617-7657
518,Intelligence,Chukwu,intelligence.chukwu518@example.com,+1-828-5509
519,Genny,Ubani,genny.ubani519@example.com,+1-472-8565
520,Confidence,Ezemonye,confidence.ezemonye520@example.com,+1-535-6370
521,Clark,Akalonu,clark.akalonu521@example.com,+1-183-5009
522,Kiliua,Ibekwe,kiliua.ibekwe522@example.com,+1-555-6460
523,Intelligence,Illoh,intelligence.illoh523@example.com,+1-223-7941
524,Chichetam,Illoh,chichetam.illoh524@example.com,+1-251-4506
525,Intelligence,Ezemonye,intelligence.ezemonye525@example.com,+1-297-8177
526,Jeff,Ibekwe,jeff.ibekwe526@example.com,+1-505-8686
527,Uloma,Ibekwe,uloma.ibekwe527@example.com,+1-403-7072
528,Uloma,Mbonu,uloma.mbonu528@example.com,+1-270-2273
529,Jeff,Onwuka,jeff.onwuka529@example.com,+1-111-4196
530,Genny,Nnoli,genny.nnoli530@example.com,+1-627-6089
531,Fonzy,Banner,fonzy.banner531@example.com,+1-239-8637
532,Ogochukwu,Akalonu,ogochukwu.akalonu532@example.com,+1-609-7715
533,Jeff,Akalonu,jeff.akalonu533@example.com,+1-333-8719
534,Fonzy,Nnoli,fonzy.nnoli534@example.com,+1-304-1400
535,Clark,Illoh,clark.illoh535@example.com,+1-928-6248
536,Confidence,Akalonu,confidence.akalonu536@example.com,+1-142-3555
537,Michelle,El,michelle.el537@example.com,+1-697-2924
538,Clark,Ezemonye,clark.ezemonye538@example.com,+1-136-2758
539,Onyinye,Chukwu,onyinye.chukwu539@example.com,+1-766-9844
540,Onyinye,Onwuka,onyinye.onwuka540@example.com,+1-900-4963
541,Ogochukwu,Akalonu,ogochukwu.akalonu541@example.com,+1-628-9207
542,Onyinye,Akalonu,onyinye.akalonu542@example.com,+1-913-2363
543,Baki,El,baki.el543@example.com,+1-686-1134
544,Jeff,Akalonu,jeff.akalonu544@example.com,+1-360-2373
545,Michelle,Mbonu,michelle.mbonu545@example.com,+1-217-7304
546,Intelligence,Ibekwe,intelligence.ibekwe546@example.com,+1-350-1321
547,Daniel,Banner,daniel.banner547@example.com,+1-153-1376
548,Ogochukwu,Okoronta,ogochukwu.okoronta548@example.com,+1-512-2903
549,Baki,Chukwu,baki.chukwu549@example.com,+1-206-1466
550,Clark,Akalonu,clark.akalonu550@example.com,+1-815-5545
551,Kiliua,Chukwu,kiliua.chukwu551@example.com,+1-770-1486
552,Genny,Akalonu,genny.akalonu552@example.com,+1-929-9148
553,Baki,Chukwu,baki.chukwu553@example.com,+1-562-9675
554,Michelle,Nnoli,michelle.nnoli554@example.com,+1-216-4441
555,Confidence,Akalonu,confidence.akalonu555@example.com,+1-202-2713
556,Jeff,El,jeff.el556@example.com,+1-696-7670
557,Michelle,Nnoli,michelle.nnoli557@example.com,+1-960-6905
558,Ogochukwu,Akalonu,ogochukwu.akalonu558@example.com,+1-975-8678
559,Chichetam,Ibekwe,chichetam.ibekwe559@example.com,+1-993-7557
560,Confidence,Nnoli,confidence.nnoli560@example.com,+1-160-8195
561,Jeff,Iwuoha,jeff.iwuoha561@example.com,+1-187-7442
562,Fonzy,Nnoli,fonzy.nnoli562@example.com,+1-838-1786
563,Michelle,Akalonu,michelle.akalonu563@example.com,+1-311-4740
564,Jeff,Illoh,jeff.illoh564@example.com,+1-985-9497
565,Daniel,Ezemonye,daniel.ezemonye565@example.com,+1-653-3608
566,Baki,Nnoli,baki.nnoli566@example.com,+1-982-1337
567,Chichetam,Okoronta,chichetam.okoronta567@example.com,+1-621-6044
568,Kiliua,Ubani,kiliua.ubani568@example.com,+1-119-5646
569,Onyinye,Onwuka,onyinye.onwuka569@example.com,+1-177-8967
570,Chichetam,Ezemonye,chichetam.ezemonye570@example.com,+1-239-9750
571,Onyinye,Chima,onyinye.chima571@example.com,+1-708-5458
572,Onyinye,Ibekwe,onyinye.ibekwe572@example.com,+1-717-9968
573,Chichetam,Iwuoha,chichetam.iwuoha573@example.com,+1-905-2438
574,Daniel,Nnoli,daniel.nnoli574@example.com,+1-321-5158
575,Clark,Uchechukwu,clark.uchechukwu575@example.com,+1-196-1069
576,Intelligence,Onwuka,intelligence.onwuka576@example.com,+1-268-2654
577,Clark,Illoh,clark.illoh577@example.com,+1-117-2176
578,Daniel,Okoronta,daniel.okoronta578@example.com,+1-174-3194
579,Michelle,Illoh,michelle.illoh579@example.com,+1-418-9507
580,Jeff,Ubani,jeff.ubani580@example.com,+1-453-4942
581,Fonzy,Ezemonye,fonzy.ezemonye581@example.com,+1-306-3096
582,Baki,El,baki.el582@example.com,+1-755-8575
583,Chichetam,Banner,chichetam.banner583@example.com,+1-946-3921
584,Clark,Iwuoha,clark.iwuoha584@example.com,+1-200-6051
585,Fonzy,Chukwu,fonzy.chukwu585@example.com,+1-415-4468
586,Intelligence,Iwuoha,intelligence.iwuoha586@example.com,+1-920-8021
587,Chichetam,Ibekwe,chichetam.ibekwe587@example.com,+1-783-1074
588,Confidence,Nnoli,confidence.nnoli588@example.com,+1-340-7993
589,Genny,Chukwu,genny.chukwu589@example.com,+1-831-5650
590,Intelligence,El,intelligence.el590@example.com,+1-194-1605
591,Clark,Ubani,clark.ubani591@example.com,+1-779-7327
592,Fonzy,Onwuka,fonzy.onwuka592@example.com,+1-650-3415
593,Michelle,Akalonu,michelle.akalonu593@example.com,+1-212-1797
594,Uloma,Chima,uloma.chima594@example.com,+1-998-5519
595,Fonzy,Ibekwe,fonzy.ibekwe595@example.com,+1-485-6144
596,Intelligence,Okoronta,intelligence.okoronta596@example.com,+1-615-5142
597,Fonzy,El,fonzy.el597@example.com,+1-935-7878
598,Daniel,Okoronta,daniel.okoronta598@example.com,+1-833-8081
599,Baki,Chukwu,baki.chukwu599@example.com,+1-892-5499
600,Uloma,Uchechukwu,uloma.uchechukwu600@example.com,+1-511-8055
